{
  "cnn": {
    "00-damage": {
      "precision": 0.7555555555555555,
      "recall": 0.7391304347826086,
      "f1-score": 0.7472527472527473,
      "support": 46.0
    },
    "01-whole": {
      "precision": 0.7446808510638298,
      "recall": 0.7608695652173914,
      "f1-score": 0.7526881720430108,
      "support": 46.0
    }
  },
  "resnet18": {
    "00-damage": {
      "precision": 0.9565217391304348,
      "recall": 0.9565217391304348,
      "f1-score": 0.9565217391304348,
      "support": 46.0
    },
    "01-whole": {
      "precision": 0.9565217391304348,
      "recall": 0.9565217391304348,
      "f1-score": 0.9565217391304348,
      "support": 46.0
    }
  },
  "vit": {
    "00-damage": {
      "precision": 0.9166666666666666,
      "recall": 0.9565217391304348,
      "f1-score": 0.9361702127659575,
      "support": 46.0
    },
    "01-whole": {
      "precision": 0.9545454545454546,
      "recall": 0.9130434782608695,
      "f1-score": 0.9333333333333333,
      "support": 46.0
    }
  }
}